epoch,lr-Adam,step,train_loss_epoch,train_loss_step,val_cell_accuracy,val_change_recall,val_copy_rate,val_grid_accuracy,val_loss,val_transformation_f1
,0.0018498849832733245,0,,,,,,,,
0,,9,,0.30204614996910095,,,,,,
0,,19,,0.3592945337295532,,,,,,
0,,29,,0.3264893889427185,,,,,,
0,,39,,0.3121926188468933,,,,,,
0,,49,,0.2733261287212372,,,,,,
0,,59,,0.32331132888793945,,,,,,
0,,69,,0.4072440564632416,,,,,,
0,,79,,0.2758275270462036,,,,,,
0,,89,,0.2837357223033905,,,,,,
0,,99,,0.3505963087081909,,,,,,
0,,100,,,0.894731342792511,0.6359549164772034,0.3400780260562897,0.002793296007439494,0.32895663380622864,0.3073095977306366
0,,100,0.348785936832428,,,,,,,
,0.0017260788365087466,101,,,,,,,,
1,,109,,0.35457083582878113,,,,,,
1,,119,,0.3361363112926483,,,,,,
1,,129,,0.3206383287906647,,,,,,
1,,139,,0.33203059434890747,,,,,,
1,,149,,0.32114511728286743,,,,,,
1,,159,,0.26934584975242615,,,,,,
1,,169,,0.2916434407234192,,,,,,
1,,179,,0.23246857523918152,,,,,,
1,,189,,0.2736016511917114,,,,,,
1,,199,,0.30711427330970764,,,,,,
1,,201,,,0.8952472805976868,0.6630246639251709,0.3235550820827484,0.002793296007439494,0.3259075880050659,0.32555723190307617
1,,201,0.3121834099292755,,,,,,,
,0.0013878341532585902,202,,,,,,,,
2,,209,,0.25985628366470337,,,,,,
2,,219,,0.24314866960048676,,,,,,
2,,229,,0.20988164842128754,,,,,,
2,,239,,0.35466697812080383,,,,,,
2,,249,,0.26769497990608215,,,,,,
2,,259,,0.31107014417648315,,,,,,
2,,269,,0.28858304023742676,,,,,,
2,,279,,0.2527092695236206,,,,,,
2,,289,,0.2337912619113922,,,,,,
2,,299,,0.321725457906723,,,,,,
2,,302,,,0.8959383964538574,0.6771053671836853,0.31569382548332214,0.002793296007439494,0.3263275623321533,0.3346875011920929
2,,302,0.2967608869075775,,,,,,,
,0.0009257833232438556,303,,,,,,,,
3,,309,,0.33727696537971497,,,,,,
3,,319,,0.32612842321395874,,,,,,
3,,329,,0.33831411600112915,,,,,,
3,,339,,0.34744006395339966,,,,,,
3,,349,,0.2659139633178711,,,,,,
3,,359,,0.29757940769195557,,,,,,
3,,369,,0.287039190530777,,,,,,
3,,379,,0.2225368171930313,,,,,,
3,,389,,0.2808074653148651,,,,,,
3,,399,,0.24140331149101257,,,,,,
3,,403,,,0.8961209058761597,0.6600293517112732,0.32399100065231323,0.002793296007439494,0.32754865288734436,0.32525601983070374
3,,403,0.281207799911499,,,,,,,
,0.0004637324932291214,404,,,,,,,,
4,,409,,0.27036768198013306,,,,,,
4,,419,,0.2394237369298935,,,,,,
4,,429,,0.24651667475700378,,,,,,
4,,439,,0.3205758333206177,,,,,,
4,,449,,0.21759991347789764,,,,,,
4,,459,,0.26947224140167236,,,,,,
4,,469,,0.2801494300365448,,,,,,
4,,479,,0.1962508112192154,,,,,,
4,,489,,0.26670458912849426,,,,,,
4,,499,,0.25400471687316895,,,,,,
4,,504,,,0.8961027264595032,0.6738582849502563,0.3164190948009491,0.002793296007439494,0.32750165462493896,0.33354824781417847
4,,504,0.27159255743026733,,,,,,,
,0.0001254878099789647,505,,,,,,,,
5,,509,,0.2576642334461212,,,,,,
5,,519,,0.30113404989242554,,,,,,
5,,529,,0.21112428605556488,,,,,,
5,,539,,0.3797849714756012,,,,,,
5,,549,,0.29647669196128845,,,,,,
5,,559,,0.25862917304039,,,,,,
5,,569,,0.3120674192905426,,,,,,
5,,579,,0.27062591910362244,,,,,,
5,,589,,0.2868332266807556,,,,,,
5,,599,,0.2716224491596222,,,,,,
5,,605,,,0.8963415622711182,0.6767852306365967,0.316649466753006,0.002793296007439494,0.3274424374103546,0.33395254611968994
5,,605,0.2644062936306,,,,,,,
,0.0018498849832733245,606,,,,,,,,
6,,609,,0.21871495246887207,,,,,,
6,,619,,0.21793793141841888,,,,,,
6,,629,,0.21328258514404297,,,,,,
6,,639,,0.2632565200328827,,,,,,
6,,649,,0.2871814966201782,,,,,,
6,,659,,0.19421522319316864,,,,,,
6,,669,,0.2096751183271408,,,,,,
6,,679,,0.4252050817012787,,,,,,
6,,689,,0.2512564957141876,,,,,,
6,,699,,0.28379130363464355,,,,,,
6,,706,,,0.8919191956520081,0.6631419658660889,0.32390403747558594,0.002793296007439494,0.3362283706665039,0.3217296600341797
6,,706,0.2831892669200897,,,,,,,
,0.0017260788365087466,707,,,,,,,,
7,,709,,0.32811954617500305,,,,,,
7,,719,,0.3542875349521637,,,,,,
7,,729,,0.33440688252449036,,,,,,
7,,739,,0.30436715483665466,,,,,,
7,,749,,0.26860329508781433,,,,,,
7,,759,,0.2774554491043091,,,,,,
7,,769,,0.3455384373664856,,,,,,
7,,779,,0.3505763113498688,,,,,,
7,,789,,0.30177798867225647,,,,,,
7,,799,,0.2456691414117813,,,,,,
7,,807,,,0.892401933670044,0.6658128499984741,0.3170810341835022,0.002793296007439494,0.34624555706977844,0.3294059932231903
7,,807,0.28039824962615967,,,,,,,
,0.0013878341532585902,808,,,,,,,,
8,,809,,0.26963093876838684,,,,,,
8,,819,,0.28066495060920715,,,,,,
8,,829,,0.196958526968956,,,,,,
8,,839,,0.2746599614620209,,,,,,
8,,849,,0.2636867165565491,,,,,,
8,,859,,0.24540454149246216,,,,,,
8,,869,,0.37635570764541626,,,,,,
8,,879,,0.24633540213108063,,,,,,
8,,889,,0.22533372044563293,,,,,,
8,,899,,0.23226229846477509,,,,,,
8,,908,,,0.8914249539375305,0.6642635464668274,0.31915780901908875,0.002793296007439494,0.34248849749565125,0.3287152051925659
8,,908,0.2708088457584381,,,,,,,
,0.0009257833232438556,909,,,,,,,,
9,,909,,0.2360457479953766,,,,,,
9,,919,,0.24652287364006042,,,,,,
9,,929,,0.38847118616104126,,,,,,
9,,939,,0.2848259508609772,,,,,,
9,,949,,0.28495022654533386,,,,,,
9,,959,,0.23671287298202515,,,,,,
9,,969,,0.18866796791553497,,,,,,
9,,979,,0.22069145739078522,,,,,,
9,,989,,0.2629467844963074,,,,,,
9,,999,,0.23635146021842957,,,,,,
9,,1009,,0.3067844808101654,,,,,,
9,,1009,,,0.8929833173751831,0.6776411533355713,0.31159961223602295,0.002793296007439494,0.3449687659740448,0.33674290776252747
9,,1009,0.25519365072250366,,,,,,,
,0.0004637324932291214,1010,,,,,,,,
10,,1019,,0.2886972427368164,,,,,,
10,,1029,,0.31119510531425476,,,,,,
10,,1039,,0.23709826171398163,,,,,,
10,,1049,,0.23843145370483398,,,,,,
10,,1059,,0.21844784915447235,,,,,,
10,,1069,,0.30212634801864624,,,,,,
10,,1079,,0.21462421119213104,,,,,,
10,,1089,,0.21263180673122406,,,,,,
10,,1099,,0.20584431290626526,,,,,,
10,,1109,,0.24090291559696198,,,,,,
10,,1110,,,0.8932281732559204,0.6816524863243103,0.3117276132106781,0.002793296007439494,0.34875890612602234,0.3373611271381378
10,,1110,0.2407505363225937,,,,,,,
,0.0001254878099789647,1111,,,,,,,,
11,,1119,,0.2291804403066635,,,,,,
11,,1129,,0.2788742184638977,,,,,,
11,,1139,,0.2500791847705841,,,,,,
11,,1149,,0.23734405636787415,,,,,,
11,,1159,,0.20650215446949005,,,,,,
11,,1169,,0.2037581503391266,,,,,,
11,,1179,,0.21459831297397614,,,,,,
11,,1189,,0.189002126455307,,,,,,
11,,1199,,0.22146332263946533,,,,,,
11,,1209,,0.21387308835983276,,,,,,
11,,1211,,,0.8932726979255676,0.6849626302719116,0.3105834126472473,0.002793296007439494,0.35125240683555603,0.33841410279273987
11,,1211,0.23240894079208374,,,,,,,
,0.0018498849832733245,1212,,,,,,,,
12,,1219,,0.23819299042224884,,,,,,
12,,1229,,0.27289000153541565,,,,,,
12,,1239,,0.16117845475673676,,,,,,
12,,1249,,0.3132736086845398,,,,,,
12,,1259,,0.2281062752008438,,,,,,
12,,1269,,0.33055737614631653,,,,,,
12,,1279,,0.2870921790599823,,,,,,
12,,1289,,0.23694559931755066,,,,,,
12,,1299,,0.29954278469085693,,,,,,
12,,1309,,0.26387909054756165,,,,,,
12,,1312,,,0.8900582790374756,0.6684553623199463,0.31746241450309753,0.002793296007439494,0.3539882302284241,0.3308069109916687
12,,1312,0.2583669424057007,,,,,,,
,0.0017260788365087466,1313,,,,,,,,
13,,1319,,0.21708135306835175,,,,,,
13,,1329,,0.3090228736400604,,,,,,
13,,1339,,0.2614789307117462,,,,,,
13,,1349,,0.2650260627269745,,,,,,
13,,1359,,0.24902698397636414,,,,,,
13,,1369,,0.20452967286109924,,,,,,
13,,1379,,0.3074982762336731,,,,,,
13,,1389,,0.2960751950740814,,,,,,
13,,1399,,0.2544502019882202,,,,,,
13,,1409,,0.2353469878435135,,,,,,
13,,1413,,,0.8892356157302856,0.6704675555229187,0.3155875504016876,0.002793296007439494,0.36010679602622986,0.3310090899467468
13,,1413,0.258952260017395,,,,,,,
,0.0013878341532585902,1414,,,,,,,,
14,,1419,,0.16970470547676086,,,,,,
14,,1429,,0.21611422300338745,,,,,,
14,,1439,,0.16895371675491333,,,,,,
14,,1449,,0.24668946862220764,,,,,,
14,,1459,,0.25562599301338196,,,,,,
14,,1469,,0.3459279239177704,,,,,,
14,,1479,,0.23385053873062134,,,,,,
14,,1489,,0.31176868081092834,,,,,,
14,,1499,,0.2778070569038391,,,,,,
14,,1509,,0.29490920901298523,,,,,,
14,,1514,,,0.8877995014190674,0.6591775417327881,0.31703612208366394,0.002793296007439494,0.37004631757736206,0.32803234457969666
14,,1514,0.24868562817573547,,,,,,,
,0.0009257833232438556,1515,,,,,,,,
15,,1519,,0.2767549455165863,,,,,,
15,,1529,,0.15974491834640503,,,,,,
15,,1539,,0.22191904485225677,,,,,,
15,,1549,,0.23710325360298157,,,,,,
15,,1559,,0.19123879075050354,,,,,,
15,,1569,,0.25539925694465637,,,,,,
15,,1579,,0.24714893102645874,,,,,,
15,,1589,,0.23122957348823547,,,,,,
15,,1599,,0.33100345730781555,,,,,,
15,,1609,,0.2114086002111435,,,,,,
15,,1615,,,0.889630138874054,0.683273434638977,0.3085672855377197,0.002793296007439494,0.3730051815509796,0.33854883909225464
15,,1615,0.23517580330371857,,,,,,,
,0.0004637324932291214,1616,,,,,,,,
16,,1619,,0.3206877112388611,,,,,,
16,,1629,,0.22694355249404907,,,,,,
16,,1639,,0.24537302553653717,,,,,,
16,,1649,,0.21089890599250793,,,,,,
16,,1659,,0.21541137993335724,,,,,,
16,,1669,,0.18499480187892914,,,,,,
16,,1679,,0.18551011383533478,,,,,,
16,,1689,,0.3265675902366638,,,,,,
16,,1699,,0.23277312517166138,,,,,,
16,,1709,,0.22112347185611725,,,,,,
16,,1716,,,0.8877965211868286,0.6753624081611633,0.3116438686847687,0.002793296007439494,0.38126036524772644,0.33544161915779114
16,,1716,0.21950748562812805,,,,,,,
,0.0001254878099789647,1717,,,,,,,,
17,,1719,,0.19439254701137543,,,,,,
17,,1729,,0.19854606688022614,,,,,,
17,,1739,,0.21067127585411072,,,,,,
17,,1749,,0.23273257911205292,,,,,,
17,,1759,,0.2464442104101181,,,,,,
17,,1769,,0.22270745038986206,,,,,,
17,,1779,,0.18862587213516235,,,,,,
17,,1789,,0.17947818338871002,,,,,,
17,,1799,,0.19323524832725525,,,,,,
17,,1809,,0.16419516503810883,,,,,,
17,,1817,,,0.8881213665008545,0.6782081723213196,0.3100603520870209,0.002793296007439494,0.38277432322502136,0.3371226489543915
17,,1817,0.20852698385715485,,,,,,,
,0.0018498849832733245,1818,,,,,,,,
18,,1819,,0.1992075890302658,,,,,,
18,,1829,,0.23960255086421967,,,,,,
18,,1839,,0.18921425938606262,,,,,,
18,,1849,,0.22723858058452606,,,,,,
18,,1859,,0.17765964567661285,,,,,,
18,,1869,,0.18633021414279938,,,,,,
18,,1879,,0.2070472687482834,,,,,,
18,,1889,,0.20044617354869843,,,,,,
18,,1899,,0.2450009435415268,,,,,,
18,,1909,,0.25124308466911316,,,,,,
18,,1918,,,0.8859570026397705,0.6645122766494751,0.31376853585243225,0.002793296007439494,0.37230461835861206,0.33124303817749023
18,,1918,0.23624424636363983,,,,,,,
,0.0017260788365087466,1919,,,,,,,,
19,,1919,,0.2189209759235382,,,,,,
19,,1929,,0.2194729894399643,,,,,,
19,,1939,,0.2121802568435669,,,,,,
19,,1949,,0.28566229343414307,,,,,,
19,,1959,,0.20677101612091064,,,,,,
19,,1969,,0.25797727704048157,,,,,,
19,,1979,,0.2614986300468445,,,,,,
19,,1989,,0.19989727437496185,,,,,,
19,,1999,,0.27510976791381836,,,,,,
19,,2009,,0.28884342312812805,,,,,,
19,,2019,,0.2165800929069519,,,,,,
19,,2019,,,0.8825211524963379,0.6593912243843079,0.31485000252723694,0.002793296007439494,0.3841809332370758,0.3237435221672058
19,,2019,0.24317777156829834,,,,,,,
,0.0013878341532585902,2020,,,,,,,,
20,,2029,,0.16107463836669922,,,,,,
20,,2039,,0.2779712677001953,,,,,,
20,,2049,,0.25452712178230286,,,,,,
20,,2059,,0.26998719573020935,,,,,,
20,,2069,,0.18847061693668365,,,,,,
20,,2079,,0.2355370819568634,,,,,,
20,,2089,,0.18951594829559326,,,,,,
20,,2099,,0.2553309202194214,,,,,,
20,,2109,,0.21517036855220795,,,,,,
20,,2119,,0.31255191564559937,,,,,,
20,,2120,,,0.885683536529541,0.6522866487503052,0.318861186504364,0.002793296007439494,0.3962640166282654,0.32615888118743896
20,,2120,0.23447370529174805,,,,,,,
,0.0009257833232438556,2121,,,,,,,,
21,,2129,,0.1933276206254959,,,,,,
21,,2139,,0.28695181012153625,,,,,,
21,,2149,,0.19856701791286469,,,,,,
21,,2159,,0.22419972717761993,,,,,,
21,,2169,,0.21441000699996948,,,,,,
21,,2179,,0.2056313455104828,,,,,,
21,,2189,,0.22371608018875122,,,,,,
21,,2199,,0.205484539270401,,,,,,
21,,2209,,0.2453383058309555,,,,,,
21,,2219,,0.15352165699005127,,,,,,
21,,2221,,,0.884380042552948,0.669494092464447,0.3132971525192261,0.002793296007439494,0.39319750666618347,0.3326239585876465
21,,2221,0.21494652330875397,,,,,,,
,0.0004637324932291214,2222,,,,,,,,
22,,2229,,0.18393687903881073,,,,,,
22,,2239,,0.16556276381015778,,,,,,
22,,2249,,0.2493651658296585,,,,,,
22,,2259,,0.1599215716123581,,,,,,
22,,2269,,0.19577935338020325,,,,,,
22,,2279,,0.2105279117822647,,,,,,
22,,2289,,0.22012454271316528,,,,,,
22,,2299,,0.22236406803131104,,,,,,
22,,2309,,0.2307153195142746,,,,,,
22,,2319,,0.15684108436107635,,,,,,
22,,2322,,,0.883414089679718,0.6709060668945312,0.31161919236183167,0.002793296007439494,0.40526875853538513,0.3343147933483124
22,,2322,0.19968433678150177,,,,,,,
,0.0001254878099789647,2323,,,,,,,,
23,,2329,,0.1508057713508606,,,,,,
23,,2339,,0.15468165278434753,,,,,,
23,,2349,,0.21562211215496063,,,,,,
23,,2359,,0.14159394800662994,,,,,,
23,,2369,,0.16835734248161316,,,,,,
23,,2379,,0.16752025485038757,,,,,,
23,,2389,,0.2376929670572281,,,,,,
23,,2399,,0.16214720904827118,,,,,,
23,,2409,,0.1582040786743164,,,,,,
23,,2419,,0.19984707236289978,,,,,,
23,,2423,,,0.883958101272583,0.6716130971908569,0.31047582626342773,0.002793296007439494,0.4103279709815979,0.33544254302978516
23,,2423,0.19163623452186584,,,,,,,
,0.0018498849832733245,2424,,,,,,,,
24,,2429,,0.17842917144298553,,,,,,
24,,2439,,0.19814476370811462,,,,,,
24,,2449,,0.18880991637706757,,,,,,
24,,2459,,0.23026438057422638,,,,,,
24,,2469,,0.2318311184644699,,,,,,
24,,2479,,0.1759883463382721,,,,,,
24,,2489,,0.20149248838424683,,,,,,
24,,2499,,0.24377232789993286,,,,,,
24,,2509,,0.2318575084209442,,,,,,
24,,2519,,0.3144457936286926,,,,,,
24,,2524,,,0.8816055059432983,0.6641190052032471,0.3119070529937744,0.0,0.39967840909957886,0.3325434625148773
24,,2524,0.22055171430110931,,,,,,,
,0.0017260788365087466,2525,,,,,,,,
25,,2529,,0.18892577290534973,,,,,,
25,,2539,,0.2531636357307434,,,,,,
25,,2549,,0.24644385278224945,,,,,,
25,,2559,,0.19080740213394165,,,,,,
25,,2569,,0.19613276422023773,,,,,,
25,,2579,,0.18601416051387787,,,,,,
25,,2589,,0.2022428810596466,,,,,,
25,,2599,,0.19707664847373962,,,,,,
25,,2609,,0.23353739082813263,,,,,,
25,,2619,,0.32782721519470215,,,,,,
25,,2625,,,0.882483184337616,0.6739771366119385,0.3130686283111572,0.002793296007439494,0.39950859546661377,0.33367377519607544
25,,2625,0.22424577176570892,,,,,,,
,0.0013878341532585902,2626,,,,,,,,
26,,2629,,0.21186800301074982,,,,,,
26,,2639,,0.14420770108699799,,,,,,
26,,2649,,0.24874940514564514,,,,,,
26,,2659,,0.158508762717247,,,,,,
26,,2669,,0.21134889125823975,,,,,,
26,,2679,,0.22111457586288452,,,,,,
26,,2689,,0.25423097610473633,,,,,,
26,,2699,,0.22242960333824158,,,,,,
26,,2709,,0.23696045577526093,,,,,,
26,,2719,,0.24396266043186188,,,,,,
26,,2726,,,0.8808268308639526,0.6785523891448975,0.30862265825271606,0.002793296007439494,0.41267624497413635,0.3354066014289856
26,,2726,0.2118581384420395,,,,,,,
,0.0009257833232438556,2727,,,,,,,,
27,,2729,,0.20464105904102325,,,,,,
27,,2739,,0.20362718403339386,,,,,,
27,,2749,,0.1498512178659439,,,,,,
27,,2759,,0.1323244720697403,,,,,,
27,,2769,,0.21129737794399261,,,,,,
27,,2779,,0.20809663832187653,,,,,,
27,,2789,,0.1896543651819229,,,,,,
27,,2799,,0.18886657059192657,,,,,,
27,,2809,,0.2053656131029129,,,,,,
27,,2819,,0.15396851301193237,,,,,,
27,,2827,,,0.8808775544166565,0.6618496179580688,0.3140588700771332,0.002793296007439494,0.4252432584762573,0.33002370595932007
27,,2827,0.19913886487483978,,,,,,,
,0.0004637324932291214,2828,,,,,,,,
28,,2829,,0.20953944325447083,,,,,,
28,,2839,,0.1892656683921814,,,,,,
28,,2849,,0.16881991922855377,,,,,,
28,,2859,,0.1753443032503128,,,,,,
28,,2869,,0.12554115056991577,,,,,,
28,,2879,,0.2281188815832138,,,,,,
28,,2889,,0.15893079340457916,,,,,,
28,,2899,,0.13197416067123413,,,,,,
28,,2909,,0.3092464804649353,,,,,,
28,,2919,,0.19365309178829193,,,,,,
28,,2928,,,0.8796737194061279,0.665095329284668,0.31222352385520935,0.002793296007439494,0.4381725490093231,0.33103999495506287
28,,2928,0.18184760212898254,,,,,,,
,0.0001254878099789647,2929,,,,,,,,
29,,2929,,0.16087277233600616,,,,,,
29,,2939,,0.16275840997695923,,,,,,
29,,2949,,0.27133339643478394,,,,,,
29,,2959,,0.17368780076503754,,,,,,
29,,2969,,0.1659993976354599,,,,,,
29,,2979,,0.15325169265270233,,,,,,
29,,2989,,0.22664466500282288,,,,,,
29,,2999,,0.1941291093826294,,,,,,
29,,3009,,0.160744771361351,,,,,,
29,,3019,,0.17430143058300018,,,,,,
29,,3029,,0.1343614012002945,,,,,,
29,,3029,,,0.8788638114929199,0.665212094783783,0.31184473633766174,0.002793296007439494,0.4412812888622284,0.3319838345050812
29,,3029,0.17566615343093872,,,,,,,
,0.0018498849832733245,3030,,,,,,,,
30,,3039,,0.19476322829723358,,,,,,
30,,3049,,0.21583902835845947,,,,,,
30,,3059,,0.16301333904266357,,,,,,
30,,3069,,0.1979522854089737,,,,,,
30,,3079,,0.1617189198732376,,,,,,
30,,3089,,0.20398655533790588,,,,,,
30,,3099,,0.22339719533920288,,,,,,
30,,3109,,0.2309204638004303,,,,,,
30,,3119,,0.22853434085845947,,,,,,
30,,3129,,0.24669592082500458,,,,,,
30,,3130,,,0.8784393072128296,0.6559655666351318,0.3162077069282532,0.002793296007439494,0.4196273684501648,0.32721126079559326
30,,3130,0.20421336591243744,,,,,,,
,0.0017260788365087466,3131,,,,,,,,
31,,3139,,0.15258213877677917,,,,,,
31,,3149,,0.17376957833766937,,,,,,
31,,3159,,0.1964746117591858,,,,,,
31,,3169,,0.2686834931373596,,,,,,
31,,3179,,0.20482054352760315,,,,,,
31,,3189,,0.20856790244579315,,,,,,
31,,3199,,0.19514672458171844,,,,,,
31,,3209,,0.23627667129039764,,,,,,
31,,3219,,0.2602911591529846,,,,,,
31,,3229,,0.21502666175365448,,,,,,
31,,3231,,,0.8785655498504639,0.6736332178115845,0.31034934520721436,0.0,0.41939061880111694,0.33331185579299927
31,,3231,0.21558712422847748,,,,,,,
,0.0013878341532585902,3232,,,,,,,,
32,,3239,,0.24360498785972595,,,,,,
32,,3249,,0.2138267308473587,,,,,,
32,,3259,,0.19594386219978333,,,,,,
32,,3269,,0.1711454540491104,,,,,,
32,,3279,,0.22427475452423096,,,,,,
32,,3289,,0.23020340502262115,,,,,,
32,,3299,,0.2831311821937561,,,,,,
32,,3309,,0.2294561117887497,,,,,,
32,,3319,,0.23382380604743958,,,,,,
32,,3329,,0.2129080593585968,,,,,,
32,,3332,,,0.8780574798583984,0.644116222858429,0.32252374291419983,0.002793296007439494,0.4396447539329529,0.3210628032684326
32,,3332,0.20276252925395966,,,,,,,
,0.0009257833232438556,3333,,,,,,,,
33,,3339,,0.1923835724592209,,,,,,
33,,3349,,0.17634959518909454,,,,,,
33,,3359,,0.17474716901779175,,,,,,
33,,3369,,0.15954533219337463,,,,,,
33,,3379,,0.17857985198497772,,,,,,
33,,3389,,0.205523282289505,,,,,,
33,,3399,,0.18873091042041779,,,,,,
33,,3409,,0.15607933700084686,,,,,,
33,,3419,,0.20459586381912231,,,,,,
33,,3429,,0.18075959384441376,,,,,,
33,,3433,,,0.8779345750808716,0.6508215069770813,0.3178800940513611,0.0,0.44871512055397034,0.32532715797424316
33,,3433,0.1866024136543274,,,,,,,
,0.0004637324932291214,3434,,,,,,,,
34,,3439,,0.1677871197462082,,,,,,
34,,3449,,0.18123137950897217,,,,,,
34,,3459,,0.18352451920509338,,,,,,
34,,3469,,0.13414126634597778,,,,,,
34,,3479,,0.19072885811328888,,,,,,
34,,3489,,0.16010305285453796,,,,,,
34,,3499,,0.18876294791698456,,,,,,
34,,3509,,0.20529961585998535,,,,,,
34,,3519,,0.13354860246181488,,,,,,
34,,3529,,0.17494958639144897,,,,,,
34,,3534,,,0.8762868642807007,0.6639107465744019,0.3130350708961487,0.002793296007439494,0.460249662399292,0.33103445172309875
34,,3534,0.16906361281871796,,,,,,,
,0.0001254878099789647,3535,,,,,,,,
35,,3539,,0.1553136259317398,,,,,,
35,,3549,,0.15493439137935638,,,,,,
35,,3559,,0.12764780223369598,,,,,,
35,,3569,,0.13504865765571594,,,,,,
35,,3579,,0.20207522809505463,,,,,,
35,,3589,,0.15958593785762787,,,,,,
35,,3599,,0.2588738203048706,,,,,,
35,,3609,,0.1702844500541687,,,,,,
35,,3619,,0.14066116511821747,,,,,,
35,,3629,,0.1037844866514206,,,,,,
35,,3635,,,0.8765120506286621,0.6651942133903503,0.31175950169563293,0.002793296007439494,0.46728524565696716,0.33198851346969604
35,,3635,0.15994681417942047,,,,,,,
,0.0018498849832733245,3636,,,,,,,,
36,,3639,,0.16378341615200043,,,,,,
36,,3649,,0.23636558651924133,,,,,,
36,,3659,,0.15367411077022552,,,,,,
36,,3669,,0.25572898983955383,,,,,,
36,,3679,,0.20845293998718262,,,,,,
36,,3689,,0.1993040293455124,,,,,,
36,,3699,,0.17697294056415558,,,,,,
36,,3709,,0.17000837624073029,,,,,,
36,,3719,,0.23044104874134064,,,,,,
36,,3729,,0.2244422733783722,,,,,,
36,,3736,,,0.8745548725128174,0.6284297108650208,0.3269364833831787,0.002793296007439494,0.46203169226646423,0.31409305334091187
36,,3736,0.19131368398666382,,,,,,,
,0.0017260788365087466,3737,,,,,,,,
37,,3739,,0.2509288191795349,,,,,,
37,,3749,,0.23957958817481995,,,,,,
37,,3759,,0.2356388121843338,,,,,,
37,,3769,,0.16198815405368805,,,,,,
37,,3779,,0.1790837049484253,,,,,,
37,,3789,,0.1929948329925537,,,,,,
37,,3799,,0.20972158014774323,,,,,,
37,,3809,,0.15776747465133667,,,,,,
37,,3819,,0.1651594042778015,,,,,,
37,,3829,,0.1959954798221588,,,,,,
37,,3837,,,0.8786107301712036,0.668594241142273,0.3151291310787201,0.002793296007439494,0.43851688504219055,0.3291461169719696
37,,3837,0.20183292031288147,,,,,,,
,0.0013878341532585902,3838,,,,,,,,
38,,3839,,0.19729839265346527,,,,,,
38,,3849,,0.1979505866765976,,,,,,
38,,3859,,0.2027393877506256,,,,,,
38,,3869,,0.225910484790802,,,,,,
38,,3879,,0.148002028465271,,,,,,
38,,3889,,0.1280127316713333,,,,,,
38,,3899,,0.15807586908340454,,,,,,
38,,3909,,0.18575619161128998,,,,,,
38,,3919,,0.1855584979057312,,,,,,
38,,3929,,0.14990541338920593,,,,,,
38,,3938,,,0.874631941318512,0.6488112807273865,0.3173345923423767,0.0,0.46206429600715637,0.324947714805603
38,,3938,0.1898423582315445,,,,,,,
,0.0009257833232438556,3939,,,,,,,,
39,,3939,,0.1813690960407257,,,,,,
39,,3949,,0.22721317410469055,,,,,,
39,,3959,,0.25037816166877747,,,,,,
39,,3969,,0.13579243421554565,,,,,,
39,,3979,,0.1675553023815155,,,,,,
39,,3989,,0.13461686670780182,,,,,,
39,,3999,,0.1959850937128067,,,,,,
39,,4009,,0.1347583830356598,,,,,,
39,,4019,,0.14368511736392975,,,,,,
39,,4029,,0.1433035433292389,,,,,,
39,,4039,,0.18678784370422363,,,,,,
39,,4039,,,0.8749672770500183,0.6650797724723816,0.3134292662143707,0.0,0.4708798825740814,0.32849034667015076
39,,4039,0.1726379543542862,,,,,,,
,0.0004637324932291214,4040,,,,,,,,
40,,4049,,0.15149115025997162,,,,,,
40,,4059,,0.1502021849155426,,,,,,
40,,4069,,0.14922356605529785,,,,,,
40,,4079,,0.14521673321723938,,,,,,
40,,4089,,0.22657081484794617,,,,,,
40,,4099,,0.10850292444229126,,,,,,
40,,4109,,0.13902059197425842,,,,,,
40,,4119,,0.13723166286945343,,,,,,
40,,4129,,0.16038760542869568,,,,,,
40,,4139,,0.14736711978912354,,,,,,
40,,4140,,,0.8742555379867554,0.663422167301178,0.31373104453086853,0.0,0.48490607738494873,0.3282528221607208
40,,4140,0.15604309737682343,,,,,,,
,0.0001254878099789647,4141,,,,,,,,
41,,4149,,0.19019164144992828,,,,,,
41,,4159,,0.13845163583755493,,,,,,
41,,4169,,0.1314198076725006,,,,,,
41,,4179,,0.14214187860488892,,,,,,
41,,4189,,0.11687633395195007,,,,,,
41,,4199,,0.14707617461681366,,,,,,
41,,4209,,0.14538131654262543,,,,,,
41,,4219,,0.16700297594070435,,,,,,
41,,4229,,0.15513956546783447,,,,,,
41,,4239,,0.17394743859767914,,,,,,
41,,4241,,,0.8743351697921753,0.6601049900054932,0.31381168961524963,0.0,0.493034690618515,0.3282396197319031
41,,4241,0.14657743275165558,,,,,,,
,0.0018498849832733245,4242,,,,,,,,
42,,4249,,0.14855238795280457,,,,,,
42,,4259,,0.1985994428396225,,,,,,
42,,4269,,0.228799968957901,,,,,,
42,,4279,,0.20816870033740997,,,,,,
42,,4289,,0.1658889800310135,,,,,,
42,,4299,,0.1768832504749298,,,,,,
42,,4309,,0.18519505858421326,,,,,,
42,,4319,,0.21768537163734436,,,,,,
42,,4329,,0.18537110090255737,,,,,,
42,,4339,,0.2218734174966812,,,,,,
42,,4342,,,0.8752382397651672,0.6494442820549011,0.31856346130371094,0.0,0.46278291940689087,0.3237999379634857
42,,4342,0.18344107270240784,,,,,,,
,0.0017260788365087466,4343,,,,,,,,
43,,4349,,0.18533354997634888,,,,,,
43,,4359,,0.1548396795988083,,,,,,
43,,4369,,0.17295031249523163,,,,,,
43,,4379,,0.19962194561958313,,,,,,
43,,4389,,0.18055912852287292,,,,,,
43,,4399,,0.23692065477371216,,,,,,
43,,4409,,0.13481390476226807,,,,,,
43,,4419,,0.25430089235305786,,,,,,
43,,4429,,0.1644783616065979,,,,,,
43,,4439,,0.173591747879982,,,,,,
43,,4443,,,0.8727635145187378,0.6560598015785217,0.3168567717075348,0.002793296007439494,0.4683457612991333,0.32548797130584717
43,,4443,0.19005097448825836,,,,,,,
,0.0013878341532585902,4444,,,,,,,,
44,,4449,,0.16662858426570892,,,,,,
44,,4459,,0.1857878863811493,,,,,,
44,,4469,,0.15715493261814117,,,,,,
44,,4479,,0.1817636340856552,,,,,,
44,,4489,,0.20379632711410522,,,,,,
44,,4499,,0.17415748536586761,,,,,,
44,,4509,,0.13791485130786896,,,,,,
44,,4519,,0.18545641005039215,,,,,,
44,,4529,,0.17539307475090027,,,,,,
44,,4539,,0.18515020608901978,,,,,,
44,,4544,,,0.8734033107757568,0.6415987014770508,0.3215726613998413,0.0,0.4830548167228699,0.3203217089176178
44,,4544,0.17724180221557617,,,,,,,
,0.0009257833232438556,4545,,,,,,,,
45,,4549,,0.15624460577964783,,,,,,
45,,4559,,0.15745453536510468,,,,,,
45,,4569,,0.13017311692237854,,,,,,
45,,4579,,0.12968184053897858,,,,,,
45,,4589,,0.1411193311214447,,,,,,
45,,4599,,0.13763539493083954,,,,,,
45,,4609,,0.1696998029947281,,,,,,
45,,4619,,0.17097416520118713,,,,,,
45,,4629,,0.13235606253147125,,,,,,
45,,4639,,0.1449914425611496,,,,,,
45,,4645,,,0.8712671399116516,0.6461864113807678,0.31756144762039185,0.0,0.4999105930328369,0.3244013786315918
45,,4645,0.15858225524425507,,,,,,,
,0.0004637324932291214,4646,,,,,,,,
46,,4649,,0.16193699836730957,,,,,,
46,,4659,,0.14454424381256104,,,,,,
46,,4669,,0.1735403835773468,,,,,,
46,,4679,,0.07805395871400833,,,,,,
46,,4689,,0.14190591871738434,,,,,,
46,,4699,,0.14971071481704712,,,,,,
46,,4709,,0.1549505591392517,,,,,,
46,,4719,,0.23472799360752106,,,,,,
46,,4729,,0.156203955411911,,,,,,
46,,4739,,0.1715177297592163,,,,,,
46,,4746,,,0.87105792760849,0.6588917970657349,0.31343770027160645,0.0,0.509455680847168,0.32714956998825073
46,,4746,0.1440662294626236,,,,,,,
,0.0001254878099789647,4747,,,,,,,,
47,,4749,,0.16806712746620178,,,,,,
47,,4759,,0.14760085940361023,,,,,,
47,,4769,,0.13646908104419708,,,,,,
47,,4779,,0.1372056007385254,,,,,,
47,,4789,,0.10415811836719513,,,,,,
47,,4799,,0.14070110023021698,,,,,,
47,,4809,,0.09952813386917114,,,,,,
47,,4819,,0.14728662371635437,,,,,,
47,,4829,,0.1401110589504242,,,,,,
47,,4839,,0.1145150363445282,,,,,,
47,,4847,,,0.870280921459198,0.6533277034759521,0.3141236901283264,0.0,0.5193648338317871,0.32650473713874817
47,,4847,0.13541612029075623,,,,,,,
,0.0018498849832733245,4848,,,,,,,,
48,,4849,,0.1489691138267517,,,,,,
48,,4859,,0.1520429253578186,,,,,,
48,,4869,,0.18412958085536957,,,,,,
48,,4879,,0.18442320823669434,,,,,,
48,,4889,,0.2051149159669876,,,,,,
48,,4899,,0.12044985592365265,,,,,,
48,,4909,,0.19699080288410187,,,,,,
48,,4919,,0.16231819987297058,,,,,,
48,,4929,,0.19735966622829437,,,,,,
48,,4939,,0.16451367735862732,,,,,,
48,,4948,,,0.8690589666366577,0.6539390087127686,0.3162282705307007,0.0,0.4902808368206024,0.32467642426490784
48,,4948,0.16751720011234283,,,,,,,
,0.0017260788365087466,4949,,,,,,,,
49,,4949,,0.27108561992645264,,,,,,
49,,4959,,0.18038727343082428,,,,,,
49,,4969,,0.20390290021896362,,,,,,
49,,4979,,0.1934278905391693,,,,,,
49,,4989,,0.20961497724056244,,,,,,
49,,4999,,0.180204838514328,,,,,,
49,,5009,,0.20901331305503845,,,,,,
49,,5019,,0.16609309613704681,,,,,,
49,,5029,,0.16481702029705048,,,,,,
49,,5039,,0.21902339160442352,,,,,,
49,,5049,,0.12610240280628204,,,,,,
49,,5049,,,0.8685745000839233,0.6560032367706299,0.31473737955093384,0.002793296007439494,0.4903075695037842,0.32553085684776306
49,,5049,0.18204782903194427,,,,,,,
,0.0013878341532585902,5050,,,,,,,,
50,,5059,,0.16581106185913086,,,,,,
50,,5069,,0.1626937985420227,,,,,,
50,,5079,,0.15211221575737,,,,,,
50,,5089,,0.20758342742919922,,,,,,
50,,5099,,0.13950924575328827,,,,,,
50,,5109,,0.1824897974729538,,,,,,
50,,5119,,0.16852977871894836,,,,,,
50,,5129,,0.15640027821063995,,,,,,
50,,5139,,0.20137310028076172,,,,,,
50,,5149,,0.1696559339761734,,,,,,
50,,5150,,,0.8678101301193237,0.6679420471191406,0.30791985988616943,0.002793296007439494,0.5035127401351929,0.3318873941898346
50,,5150,0.1711100935935974,,,,,,,
,0.0009257833232438556,5151,,,,,,,,
51,,5159,,0.13927677273750305,,,,,,
51,,5169,,0.18349389731884003,,,,,,
51,,5179,,0.1919744461774826,,,,,,
51,,5189,,0.1590152531862259,,,,,,
51,,5199,,0.15850655734539032,,,,,,
51,,5209,,0.1203516498208046,,,,,,
51,,5219,,0.15057595074176788,,,,,,
51,,5229,,0.14263257384300232,,,,,,
51,,5239,,0.13067160546779633,,,,,,
51,,5249,,0.20869387686252594,,,,,,
51,,5251,,,0.8707615733146667,0.6602882742881775,0.31266093254089355,0.002793296007439494,0.5133548378944397,0.32763999700546265
51,,5251,0.15014882385730743,,,,,,,
,0.0004637324932291214,5252,,,,,,,,
52,,5259,,0.09645889699459076,,,,,,
52,,5269,,0.15650725364685059,,,,,,
52,,5279,,0.11406823992729187,,,,,,
52,,5289,,0.14312003552913666,,,,,,
52,,5299,,0.15522809326648712,,,,,,
52,,5309,,0.16859814524650574,,,,,,
52,,5319,,0.16329650580883026,,,,,,
52,,5329,,0.11268611252307892,,,,,,
52,,5339,,0.16547603905200958,,,,,,
52,,5349,,0.12597668170928955,,,,,,
52,,5352,,,0.869732141494751,0.6491686701774597,0.31480884552001953,0.002793296007439494,0.5293841361999512,0.3254932463169098
52,,5352,0.13436566293239594,,,,,,,
,0.0001254878099789647,5353,,,,,,,,
53,,5359,,0.1606423407793045,,,,,,
53,,5369,,0.146877720952034,,,,,,
53,,5379,,0.14142316579818726,,,,,,
53,,5389,,0.07846704125404358,,,,,,
53,,5399,,0.1039932370185852,,,,,,
53,,5409,,0.16329941153526306,,,,,,
53,,5419,,0.10052197426557541,,,,,,
53,,5429,,0.16624803841114044,,,,,,
53,,5439,,0.10104121267795563,,,,,,
53,,5449,,0.08263314515352249,,,,,,
53,,5453,,,0.8696935772895813,0.6522037982940674,0.31439146399497986,0.002793296007439494,0.5366394519805908,0.3263039290904999
53,,5453,0.12584319710731506,,,,,,,
,0.0018498849832733245,5454,,,,,,,,
54,,5459,,0.14470086991786957,,,,,,
54,,5469,,0.113473080098629,,,,,,
54,,5479,,0.19627605378627777,,,,,,
54,,5489,,0.1361583024263382,,,,,,
54,,5499,,0.12547744810581207,,,,,,
54,,5509,,0.22426384687423706,,,,,,
54,,5519,,0.146004319190979,,,,,,
54,,5529,,0.2012750655412674,,,,,,
54,,5539,,0.16124962270259857,,,,,,
54,,5549,,0.13747380673885345,,,,,,
54,,5554,,,0.8673049807548523,0.6416057348251343,0.31974273920059204,0.002793296007439494,0.5141520500183105,0.3201678693294525
54,,5554,0.15912051498889923,,,,,,,
,0.0017260788365087466,5555,,,,,,,,
55,,5559,,0.181843101978302,,,,,,
55,,5569,,0.23071643710136414,,,,,,
55,,5579,,0.16605892777442932,,,,,,
55,,5589,,0.20878100395202637,,,,,,
55,,5599,,0.17438258230686188,,,,,,
55,,5609,,0.22124361991882324,,,,,,
55,,5619,,0.1925082951784134,,,,,,
55,,5629,,0.1625349521636963,,,,,,
55,,5639,,0.20790281891822815,,,,,,
55,,5649,,0.22364544868469238,,,,,,
55,,5655,,,0.8675039410591125,0.6624699234962463,0.3154005706310272,0.002793296007439494,0.5044180750846863,0.32620877027511597
55,,5655,0.17309324443340302,,,,,,,
,0.0013878341532585902,5656,,,,,,,,
56,,5659,,0.16614684462547302,,,,,,
56,,5669,,0.15009905397891998,,,,,,
56,,5679,,0.21075989305973053,,,,,,
56,,5689,,0.15160365402698517,,,,,,
56,,5699,,0.11217908561229706,,,,,,
56,,5709,,0.2072104662656784,,,,,,
56,,5719,,0.14770175516605377,,,,,,
56,,5729,,0.1665196269750595,,,,,,
56,,5739,,0.14415845274925232,,,,,,
56,,5749,,0.10232816636562347,,,,,,
56,,5756,,,0.8681785464286804,0.6558747291564941,0.31462451815605164,0.002793296007439494,0.5159885883331299,0.32596129179000854
56,,5756,0.15999022126197815,,,,,,,
,0.0009257833232438556,5757,,,,,,,,
57,,5759,,0.12368210405111313,,,,,,
57,,5769,,0.1742004156112671,,,,,,
57,,5779,,0.12902632355690002,,,,,,
57,,5789,,0.1490229070186615,,,,,,
57,,5799,,0.17155811190605164,,,,,,
57,,5809,,0.13375698029994965,,,,,,
57,,5819,,0.1143643707036972,,,,,,
57,,5829,,0.1249435693025589,,,,,,
57,,5839,,0.10877877473831177,,,,,,
57,,5849,,0.13376078009605408,,,,,,
57,,5857,,,0.8674001693725586,0.6477289199829102,0.3168274462223053,0.002793296007439494,0.5445337891578674,0.3241596817970276
57,,5857,0.14106333255767822,,,,,,,
,0.0004637324932291214,5858,,,,,,,,
58,,5859,,0.11536747962236404,,,,,,
58,,5869,,0.11684560775756836,,,,,,
58,,5879,,0.13112778961658478,,,,,,
58,,5889,,0.10719216614961624,,,,,,
58,,5899,,0.12057539075613022,,,,,,
58,,5909,,0.12767809629440308,,,,,,
58,,5919,,0.12900099158287048,,,,,,
58,,5929,,0.12811873853206635,,,,,,
58,,5939,,0.16314592957496643,,,,,,
58,,5949,,0.122555673122406,,,,,,
58,,5958,,,0.8676952123641968,0.6506774425506592,0.31776195764541626,0.0,0.557678759098053,0.3234025537967682
58,,5958,0.12312109768390656,,,,,,,
,0.0001254878099789647,5959,,,,,,,,
59,,5959,,0.11998646706342697,,,,,,
59,,5969,,0.1881374567747116,,,,,,
59,,5979,,0.13104555010795593,,,,,,
59,,5989,,0.10082432627677917,,,,,,
59,,5999,,0.11851988732814789,,,,,,
59,,6009,,0.14018940925598145,,,,,,
59,,6019,,0.11095315963029861,,,,,,
59,,6029,,0.11690700799226761,,,,,,
59,,6039,,0.13075107336044312,,,,,,
59,,6049,,0.10945715755224228,,,,,,
59,,6059,,0.10773725062608719,,,,,,
59,,6059,,,0.8670153617858887,0.6481959223747253,0.3181741237640381,0.0,0.5606884956359863,0.321850448846817
59,,6059,0.11615096777677536,,,,,,,
,0.0018498849832733245,6060,,,,,,,,
60,,6069,,0.0806739553809166,,,,,,
60,,6079,,0.10699975490570068,,,,,,
60,,6089,,0.19069677591323853,,,,,,
60,,6099,,0.10261963307857513,,,,,,
60,,6109,,0.17652598023414612,,,,,,
60,,6119,,0.13360747694969177,,,,,,
60,,6129,,0.13732896745204926,,,,,,
60,,6139,,0.16872824728488922,,,,,,
60,,6149,,0.22448261082172394,,,,,,
60,,6159,,0.1868756264448166,,,,,,
60,,6160,,,0.8638061285018921,0.6492507457733154,0.3158712387084961,0.0,0.5445189476013184,0.32158106565475464
60,,6160,0.14775551855564117,,,,,,,
,0.0017260788365087466,6161,,,,,,,,
61,,6169,,0.12838108837604523,,,,,,
61,,6179,,0.17693346738815308,,,,,,
61,,6189,,0.15022608637809753,,,,,,
61,,6199,,0.19344107806682587,,,,,,
61,,6209,,0.17153123021125793,,,,,,
61,,6219,,0.15536674857139587,,,,,,
61,,6229,,0.17505966126918793,,,,,,
61,,6239,,0.19530820846557617,,,,,,
61,,6249,,0.224957674741745,,,,,,
61,,6259,,0.1378086358308792,,,,,,
61,,6261,,,0.864710807800293,0.6495104432106018,0.3176892101764679,0.002793296007439494,0.5432282090187073,0.3228137195110321
61,,6261,0.16476242244243622,,,,,,,
,0.0013878341532585902,6262,,,,,,,,
62,,6269,,0.15552188456058502,,,,,,
62,,6279,,0.1445830911397934,,,,,,
62,,6289,,0.16399173438549042,,,,,,
62,,6299,,0.158802792429924,,,,,,
62,,6309,,0.15695849061012268,,,,,,
62,,6319,,0.1474875956773758,,,,,,
62,,6329,,0.17366482317447662,,,,,,
62,,6339,,0.11485520005226135,,,,,,
62,,6349,,0.1241510659456253,,,,,,
62,,6359,,0.10627487301826477,,,,,,
62,,6362,,,0.8670569658279419,0.6499966382980347,0.31806308031082153,0.0,0.5424554347991943,0.32179906964302063
62,,6362,0.15043731033802032,,,,,,,
,0.0009257833232438556,6363,,,,,,,,
63,,6369,,0.13311319053173065,,,,,,
63,,6379,,0.11683175712823868,,,,,,
63,,6389,,0.15341220796108246,,,,,,
63,,6399,,0.13772374391555786,,,,,,
63,,6409,,0.12857432663440704,,,,,,
63,,6419,,0.10213757306337357,,,,,,
63,,6429,,0.10936406999826431,,,,,,
63,,6439,,0.1504824012517929,,,,,,
63,,6449,,0.1511586606502533,,,,,,
63,,6459,,0.11251797527074814,,,,,,
63,,6463,,,0.8644979596138,0.6450290083885193,0.316299170255661,0.002793296007439494,0.5654988884925842,0.3229594826698303
63,,6463,0.1345139741897583,,,,,,,
,0.0004637324932291214,6464,,,,,,,,
64,,6469,,0.11805957555770874,,,,,,
64,,6479,,0.11576444655656815,,,,,,
64,,6489,,0.09792568534612656,,,,,,
64,,6499,,0.12333334982395172,,,,,,
64,,6509,,0.08959505707025528,,,,,,
64,,6519,,0.11570888757705688,,,,,,
64,,6529,,0.10044170916080475,,,,,,
64,,6539,,0.11433075368404388,,,,,,
64,,6549,,0.14727304875850677,,,,,,
64,,6559,,0.09900166839361191,,,,,,
64,,6564,,,0.8660228252410889,0.6478312611579895,0.31710851192474365,0.002793296007439494,0.5748278498649597,0.3227819800376892
64,,6564,0.11703307926654816,,,,,,,
,0.0001254878099789647,6565,,,,,,,,
65,,6569,,0.108230359852314,,,,,,
65,,6579,,0.08990205079317093,,,,,,
65,,6589,,0.1390797197818756,,,,,,
65,,6599,,0.11077187955379486,,,,,,
65,,6609,,0.1288822442293167,,,,,,
65,,6619,,0.09456263482570648,,,,,,
65,,6629,,0.09776525944471359,,,,,,
65,,6639,,0.11042790114879608,,,,,,
65,,6649,,0.08839242160320282,,,,,,
65,,6659,,0.1020427942276001,,,,,,
65,,6665,,,0.8658509254455566,0.6480780839920044,0.31583213806152344,0.002793296007439494,0.5818394422531128,0.32350248098373413
65,,6665,0.10638932138681412,,,,,,,
,0.0018498849832733245,6666,,,,,,,,
66,,6669,,0.08704064041376114,,,,,,
66,,6679,,0.08959449082612991,,,,,,
66,,6689,,0.13964267075061798,,,,,,
66,,6699,,0.13354802131652832,,,,,,
66,,6709,,0.1659700721502304,,,,,,
66,,6719,,0.16571162641048431,,,,,,
66,,6729,,0.20246033370494843,,,,,,
66,,6739,,0.1693333387374878,,,,,,
66,,6749,,0.15328262746334076,,,,,,
66,,6759,,0.1675325483083725,,,,,,
66,,6766,,,0.8649622797966003,0.6266689896583557,0.32435452938079834,0.002793296007439494,0.561767041683197,0.31336840987205505
66,,6766,0.143288716673851,,,,,,,
,0.0017260788365087466,6767,,,,,,,,
67,,6769,,0.14896968007087708,,,,,,
67,,6779,,0.14319276809692383,,,,,,
67,,6789,,0.15231889486312866,,,,,,
67,,6799,,0.1787901520729065,,,,,,
67,,6809,,0.16627538204193115,,,,,,
67,,6819,,0.1356704980134964,,,,,,
67,,6829,,0.13111037015914917,,,,,,
67,,6839,,0.18333514034748077,,,,,,
67,,6849,,0.18236574530601501,,,,,,
67,,6859,,0.17277950048446655,,,,,,
67,,6867,,,0.8636236190795898,0.6300732493400574,0.3235741853713989,0.0,0.5426986813545227,0.3169974088668823
67,,6867,0.15919411182403564,,,,,,,
,0.0013878341532585902,6868,,,,,,,,
68,,6869,,0.11685008555650711,,,,,,
68,,6879,,0.1276410073041916,,,,,,
68,,6889,,0.15468522906303406,,,,,,
68,,6899,,0.12925298511981964,,,,,,
68,,6909,,0.14105264842510223,,,,,,
68,,6919,,0.1501469612121582,,,,,,
68,,6929,,0.16737690567970276,,,,,,
68,,6939,,0.16990463435649872,,,,,,
68,,6949,,0.1838020235300064,,,,,,
68,,6959,,0.12587714195251465,,,,,,
68,,6968,,,0.8679932951927185,0.6268295049667358,0.3252898156642914,0.0,0.5505068302154541,0.31451356410980225
68,,6968,0.14378218352794647,,,,,,,
,0.0009257833232438556,6969,,,,,,,,
69,,6969,,0.10859711468219757,,,,,,
69,,6979,,0.14574269950389862,,,,,,
69,,6989,,0.12358131259679794,,,,,,
69,,6999,,0.11400271207094193,,,,,,
69,,7009,,0.13243624567985535,,,,,,
69,,7019,,0.14207978546619415,,,,,,
69,,7029,,0.12886780500411987,,,,,,
69,,7039,,0.10861850529909134,,,,,,
69,,7049,,0.12459572404623032,,,,,,
69,,7059,,0.11211638897657394,,,,,,
69,,7069,,0.14205344021320343,,,,,,
69,,7069,,,0.8634650111198425,0.6417508125305176,0.31859517097473145,0.002793296007439494,0.578011691570282,0.3201146125793457
69,,7069,0.12399069219827652,,,,,,,
,0.0004637324932291214,7070,,,,,,,,
70,,7079,,0.1510029137134552,,,,,,
70,,7089,,0.10137001425027847,,,,,,
70,,7099,,0.12120366841554642,,,,,,
70,,7109,,0.12976284325122833,,,,,,
70,,7119,,0.10710008442401886,,,,,,
70,,7129,,0.1134234294295311,,,,,,
70,,7139,,0.10387572646141052,,,,,,
70,,7149,,0.15955275297164917,,,,,,
70,,7159,,0.11237082630395889,,,,,,
70,,7169,,0.11916270852088928,,,,,,
70,,7170,,,0.8623228669166565,0.640920877456665,0.3163474500179291,0.0,0.6024749279022217,0.3217240571975708
70,,7170,0.1098482683300972,,,,,,,
,0.0001254878099789647,7171,,,,,,,,
71,,7179,,0.10238200426101685,,,,,,
71,,7189,,0.12472378462553024,,,,,,
71,,7199,,0.10524812340736389,,,,,,
71,,7209,,0.14343170821666718,,,,,,
71,,7219,,0.09505696594715118,,,,,,
71,,7229,,0.08856136351823807,,,,,,
71,,7239,,0.10634519904851913,,,,,,
71,,7249,,0.0816580280661583,,,,,,
71,,7259,,0.1028195321559906,,,,,,
71,,7269,,0.11181669682264328,,,,,,
71,,7271,,,0.8634881377220154,0.6431244611740112,0.3169134855270386,0.0,0.6030322313308716,0.32199203968048096
71,,7271,0.1014917865395546,,,,,,,
,0.0018498849832733245,7272,,,,,,,,
72,,7279,,0.10221214592456818,,,,,,
72,,7289,,0.09461160004138947,,,,,,
72,,7299,,0.13897214829921722,,,,,,
72,,7309,,0.12106011807918549,,,,,,
72,,7319,,0.1516544371843338,,,,,,
72,,7329,,0.1678466945886612,,,,,,
72,,7339,,0.14584451913833618,,,,,,
72,,7349,,0.15727034211158752,,,,,,
72,,7359,,0.14814907312393188,,,,,,
72,,7369,,0.1069747731089592,,,,,,
72,,7372,,,0.8632038235664368,0.6399365663528442,0.3189006447792053,0.002793296007439494,0.5743480920791626,0.318838506937027
72,,7372,0.13555005192756653,,,,,,,
,0.0017260788365087466,7373,,,,,,,,
73,,7379,,0.17524632811546326,,,,,,
73,,7389,,0.13747039437294006,,,,,,
73,,7399,,0.15217162668704987,,,,,,
73,,7409,,0.14429716765880585,,,,,,
73,,7419,,0.13320468366146088,,,,,,
73,,7429,,0.17152614891529083,,,,,,
73,,7439,,0.15282653272151947,,,,,,
73,,7449,,0.16792085766792297,,,,,,
73,,7459,,0.1556440144777298,,,,,,
73,,7469,,0.1796562224626541,,,,,,
73,,7473,,,0.8623596429824829,0.6395561099052429,0.31762099266052246,0.002793296007439494,0.5637762546539307,0.32113680243492126
73,,7473,0.14891335368156433,,,,,,,
,0.0013878341532585902,7474,,,,,,,,
74,,7479,,0.1528540998697281,,,,,,
74,,7489,,0.14874184131622314,,,,,,
74,,7499,,0.1656954288482666,,,,,,
74,,7509,,0.14503689110279083,,,,,,
74,,7519,,0.15825219452381134,,,,,,
74,,7529,,0.13526354730129242,,,,,,
74,,7539,,0.1276097446680069,,,,,,
74,,7549,,0.12359301000833511,,,,,,
74,,7559,,0.12913759052753448,,,,,,
74,,7569,,0.12390100210905075,,,,,,
74,,7574,,,0.8644629716873169,0.6475476026535034,0.3178652226924896,0.0,0.5668587684631348,0.3215993642807007
74,,7574,0.1373489946126938,,,,,,,
,0.0009257833232438556,7575,,,,,,,,
75,,7579,,0.12502174079418182,,,,,,
75,,7589,,0.11904437094926834,,,,,,
75,,7599,,0.13506650924682617,,,,,,
75,,7609,,0.09477534890174866,,,,,,
75,,7619,,0.10199877619743347,,,,,,
75,,7629,,0.10083991289138794,,,,,,
75,,7639,,0.11997873336076736,,,,,,
75,,7649,,0.11813431978225708,,,,,,
75,,7659,,0.10085160285234451,,,,,,
75,,7669,,0.1155419647693634,,,,,,
75,,7675,,,0.8622295260429382,0.6409748196601868,0.3175908625125885,0.002793296007439494,0.6017346382141113,0.32068756222724915
75,,7675,0.12328185886144638,,,,,,,
,0.0004637324932291214,7676,,,,,,,,
76,,7679,,0.0995107963681221,,,,,,
76,,7689,,0.10827453434467316,,,,,,
76,,7699,,0.1143568828701973,,,,,,
76,,7709,,0.1440805047750473,,,,,,
76,,7719,,0.09643399715423584,,,,,,
76,,7729,,0.13305392861366272,,,,,,
76,,7739,,0.10487711429595947,,,,,,
76,,7749,,0.11881570518016815,,,,,,
76,,7759,,0.07289838045835495,,,,,,
76,,7769,,0.12512758374214172,,,,,,
76,,7776,,,0.8631746768951416,0.6443926692008972,0.3177427649497986,0.002793296007439494,0.6121544241905212,0.32124441862106323
76,,7776,0.10424837470054626,,,,,,,
,0.0001254878099789647,7777,,,,,,,,
77,,7779,,0.1340143382549286,,,,,,
77,,7789,,0.09643577039241791,,,,,,
77,,7799,,0.07779108732938766,,,,,,
77,,7809,,0.11362644284963608,,,,,,
77,,7819,,0.14206188917160034,,,,,,
77,,7829,,0.09175828099250793,,,,,,
77,,7839,,0.11149220913648605,,,,,,
77,,7849,,0.10257498919963837,,,,,,
77,,7859,,0.09164366126060486,,,,,,
77,,7869,,0.07815910875797272,,,,,,
77,,7877,,,0.8629302978515625,0.6434133052825928,0.31714990735054016,0.0,0.6169040203094482,0.32129958271980286
77,,7877,0.09400306642055511,,,,,,,
,0.0018498849832733245,7878,,,,,,,,
78,,7879,,0.11941616237163544,,,,,,
78,,7889,,0.10776005685329437,,,,,,
78,,7899,,0.09855582565069199,,,,,,
78,,7909,,0.15489618480205536,,,,,,
78,,7919,,0.12018045037984848,,,,,,
78,,7929,,0.12552474439144135,,,,,,
78,,7939,,0.18537357449531555,,,,,,
78,,7949,,0.16910043358802795,,,,,,
78,,7959,,0.09621419757604599,,,,,,
78,,7969,,0.12231355905532837,,,,,,
78,,7978,,,0.8618447184562683,0.6399298906326294,0.31866955757141113,0.0,0.5849616527557373,0.3194418251514435
78,,7978,0.12940670549869537,,,,,,,
,0.0017260788365087466,7979,,,,,,,,
79,,7979,,0.1544809192419052,,,,,,
79,,7989,,0.1465061455965042,,,,,,
79,,7999,,0.16947276890277863,,,,,,
79,,8009,,0.16356177628040314,,,,,,
79,,8019,,0.18161579966545105,,,,,,
79,,8029,,0.13461990654468536,,,,,,
79,,8039,,0.11915706843137741,,,,,,
79,,8049,,0.13011212646961212,,,,,,
79,,8059,,0.12231320887804031,,,,,,
79,,8069,,0.140970379114151,,,,,,
79,,8079,,0.09973110258579254,,,,,,
79,,8079,,,0.8622004985809326,0.637873649597168,0.31906166672706604,0.0,0.5770169496536255,0.3172365128993988
79,,8079,0.14427733421325684,,,,,,,
,0.0013878341532585902,8080,,,,,,,,
80,,8089,,0.11413401365280151,,,,,,
80,,8099,,0.09805878251791,,,,,,
80,,8109,,0.13818827271461487,,,,,,
80,,8119,,0.1184273436665535,,,,,,
80,,8129,,0.09127858281135559,,,,,,
80,,8139,,0.11245536059141159,,,,,,
80,,8149,,0.12124056369066238,,,,,,
80,,8159,,0.11987774819135666,,,,,,
80,,8169,,0.1208934560418129,,,,,,
80,,8179,,0.11260005831718445,,,,,,
80,,8180,,,0.8612341284751892,0.6475890874862671,0.31481316685676575,0.0,0.5939105749130249,0.3238898813724518
80,,8180,0.13395777344703674,,,,,,,
,0.0009257833232438556,8181,,,,,,,,
81,,8189,,0.1299150139093399,,,,,,
81,,8199,,0.11541189253330231,,,,,,
81,,8209,,0.14001964032649994,,,,,,
81,,8219,,0.09528489410877228,,,,,,
81,,8229,,0.11620596796274185,,,,,,
81,,8239,,0.15447218716144562,,,,,,
81,,8249,,0.16661089658737183,,,,,,
81,,8259,,0.09626634418964386,,,,,,
81,,8269,,0.10267428308725357,,,,,,
81,,8279,,0.10794373601675034,,,,,,
81,,8281,,,0.8612456321716309,0.6494523882865906,0.31652703881263733,0.002793296007439494,0.6041718125343323,0.32227644324302673
81,,8281,0.11399129033088684,,,,,,,
,0.0004637324932291214,8282,,,,,,,,
82,,8289,,0.1269165426492691,,,,,,
82,,8299,,0.13794562220573425,,,,,,
82,,8309,,0.08562083542346954,,,,,,
82,,8319,,0.07481122016906738,,,,,,
82,,8329,,0.08289501816034317,,,,,,
82,,8339,,0.07346910983324051,,,,,,
82,,8349,,0.11575643718242645,,,,,,
82,,8359,,0.07351071387529373,,,,,,
82,,8369,,0.10600946843624115,,,,,,
82,,8379,,0.11693859845399857,,,,,,
82,,8382,,,0.8622270226478577,0.6393107175827026,0.31923380494117737,0.0,0.624096155166626,0.31949958205223083
82,,8382,0.09778986126184464,,,,,,,
,0.0001254878099789647,8383,,,,,,,,
83,,8389,,0.09854508936405182,,,,,,
83,,8399,,0.11969608068466187,,,,,,
83,,8409,,0.08981357514858246,,,,,,
83,,8419,,0.0959504097700119,,,,,,
83,,8429,,0.07876265794038773,,,,,,
83,,8439,,0.08010503649711609,,,,,,
83,,8449,,0.12040746212005615,,,,,,
83,,8459,,0.10372380912303925,,,,,,
83,,8469,,0.09094157814979553,,,,,,
83,,8479,,0.0719832107424736,,,,,,
83,,8483,,,0.8618872165679932,0.6366418600082397,0.3196221888065338,0.0,0.6339637041091919,0.3186247944831848
83,,8483,0.0889805257320404,,,,,,,
,0.0018498849832733245,8484,,,,,,,,
84,,8489,,0.09494856745004654,,,,,,
84,,8499,,0.10651157051324844,,,,,,
84,,8509,,0.14938302338123322,,,,,,
84,,8519,,0.16292059421539307,,,,,,
84,,8529,,0.14261126518249512,,,,,,
84,,8539,,0.19014422595500946,,,,,,
84,,8549,,0.15232644975185394,,,,,,
84,,8559,,0.11224426329135895,,,,,,
84,,8569,,0.17745590209960938,,,,,,
84,,8579,,0.11001872271299362,,,,,,
84,,8584,,,0.8604411482810974,0.6354485750198364,0.32099518179893494,0.002793296007439494,0.5970027446746826,0.3160560727119446
84,,8584,0.12844789028167725,,,,,,,
,0.0017260788365087466,8585,,,,,,,,
85,,8589,,0.10987803339958191,,,,,,
85,,8599,,0.11548466235399246,,,,,,
85,,8609,,0.11271283775568008,,,,,,
85,,8619,,0.11949841678142548,,,,,,
85,,8629,,0.1401299089193344,,,,,,
85,,8639,,0.11297953128814697,,,,,,
85,,8649,,0.15111851692199707,,,,,,
85,,8659,,0.16320258378982544,,,,,,
85,,8669,,0.16356205940246582,,,,,,
85,,8679,,0.18632212281227112,,,,,,
85,,8685,,,0.8584816455841064,0.6407597064971924,0.3184695243835449,0.0,0.5933364629745483,0.3184490501880646
85,,8685,0.14138124883174896,,,,,,,
,0.0013878341532585902,8686,,,,,,,,
86,,8689,,0.10639230906963348,,,,,,
86,,8699,,0.15127582848072052,,,,,,
86,,8709,,0.1319262534379959,,,,,,
86,,8719,,0.08975062519311905,,,,,,
86,,8729,,0.13390256464481354,,,,,,
86,,8739,,0.1229841485619545,,,,,,
86,,8749,,0.1162014976143837,,,,,,
86,,8759,,0.12306449562311172,,,,,,
86,,8769,,0.10332522541284561,,,,,,
86,,8779,,0.10944802314043045,,,,,,
86,,8786,,,0.8608366250991821,0.648267924785614,0.3181460499763489,0.0,0.599435031414032,0.3208921253681183
86,,8786,0.12670111656188965,,,,,,,
,0.0009257833232438556,8787,,,,,,,,
87,,8789,,0.12491218745708466,,,,,,
87,,8799,,0.08507867157459259,,,,,,
87,,8809,,0.10080929845571518,,,,,,
87,,8819,,0.11913488060235977,,,,,,
87,,8829,,0.0982678234577179,,,,,,
87,,8839,,0.09322146326303482,,,,,,
87,,8849,,0.0964803621172905,,,,,,
87,,8859,,0.11294426023960114,,,,,,
87,,8869,,0.081106036901474,,,,,,
87,,8879,,0.11951135098934174,,,,,,
87,,8887,,,0.8610517382621765,0.6265588402748108,0.32257509231567383,0.0,0.6213047504425049,0.3147309124469757
87,,8887,0.10774217545986176,,,,,,,
,0.0004637324932291214,8888,,,,,,,,
88,,8889,,0.11246931552886963,,,,,,
88,,8899,,0.10770446062088013,,,,,,
88,,8909,,0.09000100195407867,,,,,,
88,,8919,,0.12162061035633087,,,,,,
88,,8929,,0.09057269245386124,,,,,,
88,,8939,,0.0655236691236496,,,,,,
88,,8949,,0.09412958472967148,,,,,,
88,,8959,,0.11432984471321106,,,,,,
88,,8969,,0.10130903124809265,,,,,,
88,,8979,,0.09523364156484604,,,,,,
88,,8988,,,0.8599491119384766,0.6307277083396912,0.32157978415489197,0.002793296007439494,0.6408112645149231,0.31572967767715454
88,,8988,0.09268886595964432,,,,,,,
,0.0001254878099789647,8989,,,,,,,,
89,,8989,,0.08063309639692307,,,,,,
89,,8999,,0.10368680208921432,,,,,,
89,,9009,,0.09402798861265182,,,,,,
89,,9019,,0.11372949182987213,,,,,,
89,,9029,,0.08687326312065125,,,,,,
89,,9039,,0.10006529092788696,,,,,,
89,,9049,,0.09409688413143158,,,,,,
89,,9059,,0.08962227404117584,,,,,,
89,,9069,,0.08693408966064453,,,,,,
89,,9079,,0.06301699578762054,,,,,,
89,,9089,,0.07363477349281311,,,,,,
89,,9089,,,0.8601296544075012,0.6276823282241821,0.3217240273952484,0.0,0.6476193070411682,0.3156118392944336
89,,9089,0.08454911410808563,,,,,,,
,0.0018498849832733245,9090,,,,,,,,
90,,9099,,0.0957222580909729,,,,,,
90,,9109,,0.06920599192380905,,,,,,
90,,9119,,0.10795363038778305,,,,,,
90,,9129,,0.10486617684364319,,,,,,
90,,9139,,0.10904881358146667,,,,,,
90,,9149,,0.1462458372116089,,,,,,
90,,9159,,0.14899764955043793,,,,,,
90,,9169,,0.13119305670261383,,,,,,
90,,9179,,0.1887144148349762,,,,,,
90,,9189,,0.1510246843099594,,,,,,
90,,9190,,,0.8569040894508362,0.6310081481933594,0.32167571783065796,0.002793296007439494,0.6185236573219299,0.31527039408683777
90,,9190,0.11917576193809509,,,,,,,
,0.0017260788365087466,9191,,,,,,,,
91,,9199,,0.12593691051006317,,,,,,
91,,9209,,0.14828087389469147,,,,,,
91,,9219,,0.12004709243774414,,,,,,
91,,9229,,0.1323665976524353,,,,,,
91,,9239,,0.14011652767658234,,,,,,
91,,9249,,0.11285015195608139,,,,,,
91,,9259,,0.14074894785881042,,,,,,
91,,9269,,0.12468119710683823,,,,,,
91,,9279,,0.156410813331604,,,,,,
91,,9289,,0.12583765387535095,,,,,,
91,,9291,,,0.8625187277793884,0.6286428570747375,0.3232639729976654,0.0,0.5982475280761719,0.3153071403503418
91,,9291,0.13329392671585083,,,,,,,
,0.0013878341532585902,9292,,,,,,,,
92,,9299,,0.1045735776424408,,,,,,
92,,9309,,0.13402429223060608,,,,,,
92,,9319,,0.11186213046312332,,,,,,
92,,9329,,0.11565642058849335,,,,,,
92,,9339,,0.10136524587869644,,,,,,
92,,9349,,0.13215377926826477,,,,,,
92,,9359,,0.13364967703819275,,,,,,
92,,9369,,0.11660133302211761,,,,,,
92,,9379,,0.14208723604679108,,,,,,
92,,9389,,0.10469476133584976,,,,,,
92,,9392,,,0.8594887852668762,0.6249787211418152,0.321521133184433,0.0,0.6287248730659485,0.3156183660030365
92,,9392,0.12085931748151779,,,,,,,
,0.0009257833232438556,9393,,,,,,,,
93,,9399,,0.07277917861938477,,,,,,
93,,9409,,0.13715077936649323,,,,,,
93,,9419,,0.10836122930049896,,,,,,
93,,9429,,0.0797341912984848,,,,,,
93,,9439,,0.11655157059431076,,,,,,
93,,9449,,0.13901115953922272,,,,,,
93,,9459,,0.08903734385967255,,,,,,
93,,9469,,0.07261929661035538,,,,,,
93,,9479,,0.13643670082092285,,,,,,
93,,9489,,0.1009298712015152,,,,,,
93,,9493,,,0.8591098785400391,0.6308923959732056,0.31904327869415283,0.0,0.6405752301216125,0.3172036409378052
93,,9493,0.10445065051317215,,,,,,,
,0.0004637324932291214,9494,,,,,,,,
94,,9499,,0.10773127526044846,,,,,,
94,,9509,,0.08383913338184357,,,,,,
94,,9519,,0.12184832245111465,,,,,,
94,,9529,,0.08012031018733978,,,,,,
94,,9539,,0.08800343424081802,,,,,,
94,,9549,,0.08399853110313416,,,,,,
94,,9559,,0.06948814541101456,,,,,,
94,,9569,,0.07421783357858658,,,,,,
94,,9579,,0.06612884253263474,,,,,,
94,,9589,,0.10161671042442322,,,,,,
94,,9594,,,0.8598702549934387,0.6410694122314453,0.31667360663414,0.0,0.6509132981300354,0.32165390253067017
94,,9594,0.0886501669883728,,,,,,,
,0.0001254878099789647,9595,,,,,,,,
95,,9599,,0.08474460244178772,,,,,,
95,,9609,,0.1244567334651947,,,,,,
95,,9619,,0.07289592176675797,,,,,,
95,,9629,,0.07794839888811111,,,,,,
95,,9639,,0.0650377869606018,,,,,,
95,,9649,,0.07461562007665634,,,,,,
95,,9659,,0.0875067189335823,,,,,,
95,,9669,,0.08579979091882706,,,,,,
95,,9679,,0.09401888400316238,,,,,,
95,,9689,,0.0784338191151619,,,,,,
95,,9695,,,0.8606034517288208,0.633510410785675,0.3194712698459625,0.0,0.6640657186508179,0.31848594546318054
95,,9695,0.0804605558514595,,,,,,,
,0.0018498849832733245,9696,,,,,,,,
96,,9699,,0.0844530463218689,,,,,,
96,,9709,,0.08328954130411148,,,,,,
96,,9719,,0.10579048097133636,,,,,,
96,,9729,,0.11511602252721786,,,,,,
96,,9739,,0.12202222645282745,,,,,,
96,,9749,,0.14953887462615967,,,,,,
96,,9759,,0.11566079407930374,,,,,,
96,,9769,,0.16543643176555634,,,,,,
96,,9779,,0.12640076875686646,,,,,,
96,,9789,,0.1445351243019104,,,,,,
96,,9796,,,0.8560959100723267,0.6251630187034607,0.3213270306587219,0.0,0.6333025097846985,0.315240740776062
96,,9796,0.112870953977108,,,,,,,
,0.0017260788365087466,9797,,,,,,,,
97,,9799,,0.11846543103456497,,,,,,
97,,9809,,0.10149040073156357,,,,,,
97,,9819,,0.13547343015670776,,,,,,
97,,9829,,0.13650216162204742,,,,,,
97,,9839,,0.1019408255815506,,,,,,
97,,9849,,0.15416544675827026,,,,,,
97,,9859,,0.13581202924251556,,,,,,
97,,9869,,0.1564798802137375,,,,,,
97,,9879,,0.09893657267093658,,,,,,
97,,9889,,0.15284550189971924,,,,,,
97,,9897,,,0.85691237449646,0.6347520351409912,0.3178449273109436,0.002793296007439494,0.6303591728210449,0.31894445419311523
97,,9897,0.12999776005744934,,,,,,,
,0.0013878341532585902,9898,,,,,,,,
98,,9899,,0.10090383887290955,,,,,,
98,,9909,,0.13342735171318054,,,,,,
98,,9919,,0.14249470829963684,,,,,,
98,,9929,,0.13780681788921356,,,,,,
98,,9939,,0.13322584331035614,,,,,,
98,,9949,,0.13666072487831116,,,,,,
98,,9959,,0.10560237616300583,,,,,,
98,,9969,,0.14086709916591644,,,,,,
98,,9979,,0.08673033118247986,,,,,,
98,,9989,,0.10084676742553711,,,,,,
98,,9998,,,0.8562316298484802,0.6262110471725464,0.32312440872192383,0.002793296007439494,0.6302557587623596,0.3134535551071167
98,,9998,0.11850573122501373,,,,,,,
,0.0009257833232438556,9999,,,,,,,,
99,,9999,,0.07517629861831665,,,,,,
99,,10009,,0.08757469058036804,,,,,,
99,,10019,,0.09209401160478592,,,,,,
99,,10029,,0.11990845948457718,,,,,,
99,,10039,,0.09849400818347931,,,,,,
99,,10049,,0.09682546555995941,,,,,,
99,,10059,,0.0867697075009346,,,,,,
99,,10069,,0.1431194245815277,,,,,,
99,,10079,,0.08608710020780563,,,,,,
99,,10089,,0.08141282945871353,,,,,,
99,,10099,,0.10627543926239014,,,,,,
99,,10099,,,0.8571488261222839,0.634057343006134,0.31945642828941345,0.002793296007439494,0.6580631732940674,0.31609877943992615
99,,10099,0.09954781830310822,,,,,,,
